{"cameraMode":{"drawMode":0,"name":"Shaded","section":"Shading Mode"},"sceneLighting":true,"audioPlay":false,"sceneViewState":{"m_AlwaysRefresh":false,"showFog":true,"showSkybox":true,"showFlares":true,"showImageEffects":true,"showParticleSystems":true,"showVisualEffectGraphs":true,"m_FxEnabled":true},"in2DMode":false,"pivot":{"x":-2.837372303009033,"y":-0.4582124352455139,"z":-11.46700668334961},"rotation":{"x":-0.0015991710824891925,"y":0.9829356074333191,"z":-0.1837518960237503,"w":-0.008552052080631256},"size":12.12435531616211,"orthographic":false}